idQuestion,Question_Title,Question,HTML-element,img,type,Test_idTest
1,"Question 1","What is the diameter of the moon?",NULL,NULL,mp,1
2,"Question 2","What is 4+5?",NULL,NULL,mp,1
3,"Question 3","What 10-2?",NULL,NULL,mp,1
4,"Question 4","Where is Nicole Kidman from?",NULL,NULL,mp,1
5,"Question 1","What is the capital of Island?",NULL,NULL,mp,2
6,"Cost Accountant","Focused needs-based approach?",,,,2
7,"Programmer Analyst IV","Operative logistical database?",,,,16
8,Recruiter,"Centralized national budgetary management?",,,,19
9,"Geologist IV","Visionary coherent leverage?",,,,5
10,"Sales Representative","Exclusive zero tolerance extranet?",,,,9
11,"Physical Therapy Assistant","Streamlined foreground matrix?",,,,3
12,"Senior Quality Engineer","Grass-roots client-driven contingency?",,,,16
13,"Help Desk Technician","Persevering incremental protocol?",,,,21
14,Teacher,"Multi-tiered responsive model?",,,,10
15,"Product Engineer","Face to face multimedia open system?",,,,10
16,"Community Outreach Specialist","Compatible static info-mediaries?",,,,1
17,"Food Chemist","Advanced client-server local area network?",,,,19
18,"Staff Scientist","Progressive static task-force?",,,,13
19,"Product Engineer","Assimilated contextually-based knowledge base?",,,,15
20,"Assistant Media Planner","Focused intermediate extranet?",,,,14
21,Recruiter,"Total motivating attitude?",,,,9
22,"Structural Analysis Engineer","Object-based hybrid architecture?",,,,19
23,"Analyst Programmer","Horizontal high-level capability?",,,,9
24,Recruiter,"Down-sized fault-tolerant extranet?",,,,17
25,Editor,"Programmable bottom-line core?",,,,17
26,"Financial Analyst","Organic didactic info-mediaries?",,,,2
27,"Web Developer I","Multi-lateral heuristic infrastructure?",,,,7
28,"Executive Secretary","Distributed radical flexibility?",,,,21
29,"Clinical Specialist","Adaptive asymmetric hierarchy?",,,,7
30,"Sales Representative","Optimized multi-state moderator?",,,,13
31,Teacher,"Intuitive interactive architecture?",,,,9
32,"Occupational Therapist","Intuitive multi-tasking moratorium?",,,,14
33,"Analog Circuit Design manager","Persevering scalable algorithm?",,,,17
34,"Recruiting Manager","Persevering multi-tasking utilisation?",,,,16
35,"Database Administrator I","Sharable coherent help-desk?",,,,2
36,"Sales Representative","Managed intangible matrix?",,,,23
37,"Electrical Engineer","Optional responsive concept?",,,,4
38,"Design Engineer","Multi-lateral zero tolerance hierarchy?",,,,22
